requested_size,kind,repetition,order,rescore_seconds,diff_seconds,graph_seconds,closure_seconds,query_stage_seconds,max_rss_kib,mismatches,onset_step,updates,checkpoints
10240,real_payload_prefix,1,25,0.18340313399676234,0.046564187010517344,0.24243564301286824,7.805007044225931e-06,0.47241076902719215,32036,0,,32,4
10240,real_payload_prefix,2,21,0.18380607399740256,0.04695646101026796,0.24235998399672098,6.677990313619375e-06,0.4731291969947051,31872,0,,32,4
10240,real_payload_prefix,3,5,0.18321259701042436,0.04579365698737092,0.24172312699374743,6.980000762268901e-06,0.470736360992305,31860,0,,32,4
10240,real_payload_prefix,4,24,0.18252239999128506,0.04642873699776828,0.24256514801527373,6.959977326914668e-06,0.471523244981654,31868,0,,32,4
10240,real_payload_prefix,5,29,0.18451122401165776,0.04729193702223711,0.2445352069917135,7.70299811847508e-06,0.47634607102372684,31872,0,,32,4
24960,real_payload_prefix,1,35,0.4226799430034589,0.11251951401936822,0.5749476799974218,0.0028955599991604686,1.1130426970194094,58680,2926,61,78,8
24960,real_payload_prefix,2,16,0.423392598022474,0.11184211500221863,0.5732278650102671,0.0028560649952851236,1.1113186430302449,58692,2926,61,78,8
24960,real_payload_prefix,3,33,0.4244947789993603,0.11313435100601055,0.5715978689840995,0.0027986729983240366,1.1120256719877943,60252,2926,61,78,8
24960,real_payload_prefix,4,1,0.4238030690175947,0.11449798199464567,0.5751967579999473,0.002888599003199488,1.1163864080153871,60296,2926,61,78,8
24960,real_payload_prefix,5,2,0.4240487969946116,0.11341890197945759,0.5741521639865823,0.0030203849892131984,1.1146402479498647,58544,2926,61,78,8
41600,real_payload_prefix,1,18,0.5920443130016793,0.1907838289916981,0.8518349190126173,0.017671180015895516,1.6523342410218902,84352,15560,61,130,14
41600,real_payload_prefix,2,13,0.600553244992625,0.19454711501020938,0.8607898680202197,0.01877330002025701,1.674663528043311,83624,15560,61,130,14
41600,real_payload_prefix,3,22,0.5953723099955823,0.1923163769824896,0.8571875139896292,0.018017694004811347,1.6628938949725125,83600,15560,61,130,14
41600,real_payload_prefix,4,8,0.5929008359962609,0.19059575500432402,0.8514207699918188,0.018144261004636064,1.6530616219970398,85144,15560,61,130,14
41600,real_payload_prefix,5,3,0.6169387889967766,0.2036464860138949,0.8872961460147053,0.017619663994992152,1.725501085020369,83532,15560,61,130,14
100160,synthetic_lineage_replication,1,31,1.4729549610055983,0.44316337700001895,2.259255856013624,0.04277366801397875,4.21814786203322,191148,31120,61,313,32
100160,synthetic_lineage_replication,2,17,1.497225603001425,0.4582102420099545,2.278657246992225,0.04239236700232141,4.276485459005926,191340,31120,61,313,32
100160,synthetic_lineage_replication,3,34,1.4861634239787236,0.4631114579970017,2.2699490380182397,0.04376561599201523,4.26298953598598,191316,31120,61,313,32
100160,synthetic_lineage_replication,4,14,1.486684403003892,0.44558086499455385,2.253614020999521,0.04308521299390122,4.228964501991868,191460,31120,61,313,32
100160,synthetic_lineage_replication,5,30,1.5007731440127827,0.45483179099392146,2.28759520497988,0.04270722297951579,4.2859073629661,191528,31120,61,313,32
250240,synthetic_lineage_replication,1,28,3.57936198200332,1.1356008790025953,5.722723602986662,0.15718513098545372,10.59487159497803,444436,93360,61,782,79
250240,synthetic_lineage_replication,2,27,3.5979213989921845,1.1481260400032625,5.7647004240134265,0.16381091900984757,10.674558782018721,444372,93360,61,782,79
250240,synthetic_lineage_replication,3,6,3.589923234016169,1.142535888007842,5.700951995997457,0.15710619001765735,10.590517308039125,444252,93360,61,782,79
250240,synthetic_lineage_replication,4,12,3.5857528320048004,1.1275487260136288,5.744359536009142,0.1600756789848674,10.617736773012439,444368,93360,61,782,79
250240,synthetic_lineage_replication,5,32,3.583092710003257,1.1392043399973772,5.698802283994155,0.15663920497172512,10.577738538966514,444440,93360,61,782,79
500160,synthetic_lineage_replication,1,19,7.203276260988787,2.311446250998415,11.827472855977248,0.3573238549870439,21.699519222951494,876100,186720,61,1563,157
500160,synthetic_lineage_replication,2,23,7.143602501018904,2.2856712260108907,11.696002455020789,0.3654801149968989,21.490756297047483,892356,186720,61,1563,157
500160,synthetic_lineage_replication,3,20,7.169427892018575,2.291396931017516,11.893053067993606,0.37697015298181213,21.73084804401151,891040,186720,61,1563,157
500160,synthetic_lineage_replication,4,4,7.204998754023109,2.338825568003813,11.903757693013176,0.3771051749936305,21.82468719003373,892020,186720,61,1563,157
500160,synthetic_lineage_replication,5,26,7.197389128996292,2.3135600940149743,11.898107515007723,0.3733953239861876,21.782452062005177,891740,186720,61,1563,157
1000000,synthetic_lineage_replication,1,10,14.496738175017526,4.853835392015753,24.06871164898621,0.7892498220026027,44.20853503802209,1760680,373440,61,3125,313
1000000,synthetic_lineage_replication,2,9,14.387385259993607,4.753503321990138,23.913559363980312,0.7871827310009394,43.841630676964996,1761764,373440,61,3125,313
1000000,synthetic_lineage_replication,3,15,14.472170664026635,4.8004242239985615,24.146305583009962,0.7919625280192122,44.21086299905437,1759956,373440,61,3125,313
1000000,synthetic_lineage_replication,4,11,14.487287073017797,4.777159899007529,24.149098748981487,0.8075686600059271,44.22111438101274,1744952,373440,61,3125,313
1000000,synthetic_lineage_replication,5,7,14.317841050011339,4.790148002008209,23.98359179700492,0.7974277960020117,43.88900864502648,1759920,373440,61,3125,313
