arm,checkpoint,recovery_update,global_step,reference_accuracy
recovery_rec,60,1,61,0.534375
recovery_rec,60,2,62,0.5625
recovery_rec,60,3,63,0.615625
recovery_rec,60,4,64,0.571875
recovery_rec,60,5,65,0.68125
recovery_rec,60,6,66,0.61875
recovery_rec,60,7,67,0.634375
recovery_rec,60,8,68,0.65
recovery_rec,60,9,69,0.640625
recovery_rec,60,10,70,0.640625
recovery_rec,60,11,71,0.68125
recovery_rec,60,12,72,0.621875
recovery_rec,60,13,73,0.66875
recovery_rec,60,14,74,0.596875
recovery_rec,60,15,75,0.64375
recovery_rec,60,16,76,0.653125
recovery_rec,60,17,77,0.603125
recovery_rec,60,18,78,0.665625
recovery_rec,60,19,79,0.6125
recovery_rec,60,20,80,0.709375
recovery_rec,60,21,81,0.671875
recovery_rec,60,22,82,0.65625
recovery_rec,60,23,83,0.634375
recovery_rec,60,24,84,0.65625
recovery_rec,60,25,85,0.59375
recovery_rec,60,26,86,0.64375
recovery_rec,60,27,87,0.55625
recovery_rec,60,28,88,0.56875
recovery_rec,60,29,89,0.50625
recovery_rec,60,30,90,0.6125
recovery_rec,60,31,91,0.634375
recovery_rec,60,32,92,0.609375
recovery_rec,60,33,93,0.559375
recovery_rec,60,34,94,0.6875
recovery_rec,60,35,95,0.70625
recovery_rec,60,36,96,0.665625
recovery_rec,60,37,97,0.6125
recovery_rec,60,38,98,0.66875
recovery_rec,60,39,99,0.703125
recovery_rec,60,40,100,0.625
recovery_reclast,130,1,131,0.0
recovery_reclast,130,2,132,0.0
recovery_reclast,130,3,133,0.0
recovery_reclast,130,4,134,0.0
recovery_reclast,130,5,135,0.0
recovery_reclast,130,6,136,0.0
recovery_reclast,130,7,137,0.0
recovery_reclast,130,8,138,0.0
recovery_reclast,130,9,139,0.0
recovery_reclast,130,10,140,0.0
recovery_reclast,130,11,141,0.0
recovery_reclast,130,12,142,0.0
recovery_reclast,130,13,143,0.0
recovery_reclast,130,14,144,0.0
recovery_reclast,130,15,145,0.0
recovery_reclast,130,16,146,0.0
recovery_reclast,130,17,147,0.0
recovery_reclast,130,18,148,0.0
recovery_reclast,130,19,149,0.0
recovery_reclast,130,20,150,0.0
recovery_reclast,130,21,151,0.0
recovery_reclast,130,22,152,0.0
recovery_reclast,130,23,153,0.0
recovery_reclast,130,24,154,0.0
recovery_reclast,130,25,155,0.0
recovery_reclast,130,26,156,0.0
recovery_reclast,130,27,157,0.0
recovery_reclast,130,28,158,0.0
recovery_reclast,130,29,159,0.0
recovery_reclast,130,30,160,0.0
recovery_reclast,130,31,161,0.0
recovery_reclast,130,32,162,0.0
recovery_reclast,130,33,163,0.0
recovery_reclast,130,34,164,0.015625
recovery_reclast,130,35,165,0.0
recovery_reclast,130,36,166,0.0
recovery_reclast,130,37,167,0.0
recovery_reclast,130,38,168,0.0
recovery_reclast,130,39,169,0.0
recovery_reclast,130,40,170,0.0
recovery_ckpt80,80,1,81,0.66875
recovery_ckpt80,80,2,82,0.6875
recovery_ckpt80,80,3,83,0.61875
recovery_ckpt80,80,4,84,0.659375
recovery_ckpt80,80,5,85,0.565625
recovery_ckpt80,80,6,86,0.63125
recovery_ckpt80,80,7,87,0.56875
recovery_ckpt80,80,8,88,0.621875
recovery_ckpt80,80,9,89,0.496875
recovery_ckpt80,80,10,90,0.621875
recovery_ckpt80,80,11,91,0.65
recovery_ckpt80,80,12,92,0.646875
recovery_ckpt80,80,13,93,0.571875
recovery_ckpt80,80,14,94,0.671875
recovery_ckpt80,80,15,95,0.6875
recovery_ckpt80,80,16,96,0.690625
recovery_ckpt80,80,17,97,0.634375
recovery_ckpt80,80,18,98,0.69375
recovery_ckpt80,80,19,99,0.70625
recovery_ckpt80,80,20,100,0.646875
recovery_ckpt80,80,21,101,0.6375
recovery_ckpt80,80,22,102,0.66875
recovery_ckpt80,80,23,103,0.55
recovery_ckpt80,80,24,104,0.60625
recovery_ckpt80,80,25,105,0.6375
recovery_ckpt80,80,26,106,0.6875
recovery_ckpt80,80,27,107,0.653125
recovery_ckpt80,80,28,108,0.66875
recovery_ckpt80,80,29,109,0.70625
recovery_ckpt80,80,30,110,0.65
recovery_ckpt80,80,31,111,0.690625
recovery_ckpt80,80,32,112,0.634375
recovery_ckpt80,80,33,113,0.628125
recovery_ckpt80,80,34,114,0.64375
recovery_ckpt80,80,35,115,0.7
recovery_ckpt80,80,36,116,0.709375
recovery_ckpt80,80,37,117,0.66875
recovery_ckpt80,80,38,118,0.6875
recovery_ckpt80,80,39,119,0.671875
recovery_ckpt80,80,40,120,0.7625
