step,proxy_pass_rate,reference_accuracy
1,0.496875,0.496875
2,0.546875,0.546875
3,0.4375,0.4375
4,0.375,0.375
5,0.496875,0.496875
6,0.4875,0.4875
7,0.375,0.375
8,0.415625,0.415625
9,0.509375,0.509375
10,0.503125,0.503125
11,0.484375,0.484375
12,0.54375,0.54375
13,0.478125,0.478125
14,0.478125,0.478125
15,0.56875,0.56875
16,0.5875,0.5875
17,0.546875,0.546875
18,0.578125,0.578125
19,0.51875,0.51875
20,0.5375,0.5375
21,0.5625,0.5625
22,0.603125,0.603125
23,0.51875,0.51875
24,0.571875,0.571875
25,0.5625,0.5625
26,0.540625,0.540625
27,0.56875,0.56875
28,0.59375,0.59375
29,0.603125,0.603125
30,0.646875,0.646875
31,0.640625,0.640625
32,0.496875,0.496875
33,0.615625,0.615625
34,0.540625,0.540625
35,0.55625,0.55625
36,0.6,0.6
37,0.515625,0.515625
38,0.621875,0.621875
39,0.4875,0.4875
40,0.515625,0.515625
41,0.63125,0.63125
42,0.625,0.625
43,0.596875,0.596875
44,0.5375,0.5375
45,0.659375,0.659375
46,0.5875,0.5875
47,0.671875,0.671875
48,0.615625,0.615625
49,0.615625,0.615625
50,0.621875,0.621875
51,0.63125,0.63125
52,0.70625,0.70625
53,0.640625,0.640625
54,0.55,0.55
55,0.596875,0.596875
56,0.571875,0.571875
57,0.653125,0.653125
58,0.665625,0.665625
59,0.6875,0.6875
60,0.590625,0.590625
61,0.084375,0.565625
62,0.115625,0.5625
63,0.0625,0.584375
64,0.1125,0.603125
65,0.134375,0.725
66,0.103125,0.590625
67,0.125,0.61875
68,0.128125,0.61875
69,0.19375,0.665625
70,0.0875,0.603125
71,0.1375,0.64375
72,0.1375,0.609375
73,0.234375,0.68125
74,0.165625,0.584375
75,0.2,0.640625
76,0.225,0.7125
77,0.253125,0.603125
78,0.246875,0.696875
79,0.221875,0.64375
80,0.325,0.709375
81,0.4,0.725
82,0.26875,0.671875
83,0.328125,0.596875
84,0.3875,0.665625
85,0.30625,0.5875
86,0.340625,0.621875
87,0.4125,0.546875
88,0.509375,0.53125
89,0.59375,0.35
90,0.76875,0.309375
91,0.8625,0.29375
92,0.903125,0.23125
93,0.903125,0.240625
94,0.928125,0.203125
95,0.91875,0.2625
96,0.959375,0.246875
97,0.9875,0.25625
98,0.978125,0.3
99,0.99375,0.253125
100,0.996875,0.290625
101,0.99375,0.26875
102,0.996875,0.246875
103,0.996875,0.2625
104,0.996875,0.225
105,0.99375,0.209375
106,1.0,0.278125
107,1.0,0.253125
108,0.996875,0.2875
109,1.0,0.16875
110,1.0,0.159375
111,1.0,0.065625
112,1.0,0.0625
113,0.98125,0.021875
114,0.996875,0.003125
115,0.99375,0.0
116,1.0,0.0
117,1.0,0.0
118,1.0,0.0
119,1.0,0.0
120,1.0,0.0
121,0.996875,0.0
122,1.0,0.0
123,1.0,0.0
124,1.0,0.0
125,1.0,0.0
126,1.0,0.0
127,1.0,0.0
128,1.0,0.0
129,1.0,0.0
130,1.0,0.0
